"ID";"NameOfStation";"Line";"Longitude_WGS84";"Latitude_WGS84";"AdmArea";"District";"Year";"Month";"global_id";"geodata_center";"geoarea";
"№ п/п";"Станция метрополитена";"Линия";"Долгота в WGS-84";"Широта в WGS-84";"Административный округ";"Район";"Год";"Месяц";"global_id";"geodata_center";"geoarea";
"2";"Выхино";"Таганско-Краснопресненская линия";"37.81860885";"55.71545536";"Юго-Восточный административный округ";"район Выхино-Жулебино";"2021";"Январь";"1146052530";"";"";
"3";"Щёлковская";"Арбатско-Покровская линия";"37.79874691";"55.80974166";"Восточный административный округ";"район Северное Измайлово";"2021";"Январь";"1146052531";"";"";
"4";"Бульвар Дмитрия Донского";"Серпуховско-Тимирязевская линия";"37.57755224";"55.56967951";"Юго-Западный административный округ";"район Северное Бутово";"2021";"Январь";"1146052532";"";"";
"5";"Домодедовская";"Замоскворецкая линия";"37.71878552";"55.61087011";"Южный административный округ";"район Орехово-Борисово Южное";"2021";"Январь";"1146052533";"";"";
"6";"Новогиреево";"Калининская линия";"37.81742514";"55.723330";"Восточный административный округ";"район Вешняки";"2021";"Январь";"1146052534";"";"";
"7";"Новокосино";"Калининская линия";"37.86427956";"55.74511606";"Восточный административный округ";"район Новокосино";"2021";"Январь";"1146052535";"";"";
"8";"Царицыно";"Замоскворецкая линия";"37.66917139";"55.62167819";"Южный административный округ";"район Царицыно";"2021";"Январь";"1146052536";"";"";
"9";"Текстильщики";"Таганско-Краснопресненская линия";"37.73242901";"55.70881677";"Юго-Восточный административный округ";"район Текстильщики";"2021";"Январь";"1146052537";"";"";
"10";"Тушинская";"Таганско-Краснопресненская линия";"37.43716386";"55.82642440";"Северо-Западный административный округ";"район Покровское-Стрешнево";"2021";"Январь";"1146052538";"";"";
"2";"Выхино";"Таганско-Краснопресненская линия";"37.81860885";"55.71545536";"Юго-Восточный административный округ";"район Выхино-Жулебино";"2021";"Февраль";"1146052540";"";"";
"3";"Щёлковская";"Арбатско-Покровская линия";"37.79874691";"55.80974166";"Восточный административный округ";"район Северное Измайлово";"2021";"Февраль";"1146052541";"";"";
"4";"Новогиреево";"Калининская линия";"37.81742514";"55.723330";"Восточный административный округ";"район Вешняки";"2021";"Февраль";"1146052542";"";"";
"5";"Бульвар Дмитрия Донского";"Серпуховско-Тимирязевская линия";"37.57755224";"55.56967951";"Юго-Западный административный округ";"район Северное Бутово";"2021";"Февраль";"1146052543";"";"";
"6";"Новокосино";"Калининская линия";"37.86427956";"55.74511606";"Восточный административный округ";"район Новокосино";"2021";"Февраль";"1146052544";"";"";
"7";"Царицыно";"Замоскворецкая линия";"37.66917139";"55.62167819";"Южный административный округ";"район Царицыно";"2021";"Февраль";"1146052545";"";"";
"8";"Домодедовская";"Замоскворецкая линия";"37.71878552";"55.61087011";"Южный административный округ";"район Орехово-Борисово Южное";"2021";"Февраль";"1146052546";"";"";
"9";"Текстильщики";"Таганско-Краснопресненская линия";"37.73242901";"55.70881677";"Юго-Восточный административный округ";"район Текстильщики";"2021";"Февраль";"1146052547";"";"";
"10";"Кузьминки";"Таганско-Краснопресненская линия";"37.76640443";"55.70549000";"Юго-Восточный административный округ";"район Кузьминки";"2021";"Февраль";"1146052548";"";"";
"2";"Выхино";"Таганско-Краснопресненская линия";"37.81860885";"55.71545536";"Юго-Восточный административный округ";"район Выхино-Жулебино";"2021";"Март";"1146052550";"";"";
"3";"Щёлковская";"Арбатско-Покровская линия";"37.79874691";"55.80974166";"Восточный административный округ";"район Северное Измайлово";"2021";"Март";"1146052551";"";"";
"4";"Домодедовская";"Замоскворецкая линия";"37.71878552";"55.61087011";"Южный административный округ";"район Орехово-Борисово Южное";"2021";"Март";"1146052552";"";"";
"5";"Новогиреево";"Калининская линия";"37.81742514";"55.723330";"Восточный административный округ";"район Вешняки";"2021";"Март";"1146052553";"";"";
"6";"Бульвар Дмитрия Донского";"Серпуховско-Тимирязевская линия";"37.57755224";"55.56967951";"Юго-Западный административный округ";"район Северное Бутово";"2021";"Март";"1146052554";"";"";
"7";"Царицыно";"Замоскворецкая линия";"37.66917139";"55.62167819";"Южный административный округ";"район Царицыно";"2021";"Март";"1146052555";"";"";
"8";"Новокосино";"Калининская линия";"37.86427956";"55.74511606";"Восточный административный округ";"район Новокосино";"2021";"Март";"1146052556";"";"";
"9";"Текстильщики";"Таганско-Краснопресненская линия";"37.73242901";"55.70881677";"Юго-Восточный административный округ";"район Текстильщики";"2021";"Март";"1146052557";"";"";
"10";"Коломенская";"Замоскворецкая линия";"37.66426861";"55.67841547";"Южный административный округ";"район Нагатинский Затон";"2021";"Март";"1146052558";"";"";
"2";"Выхино";"Таганско-Краснопресненская линия";"37.81860885";"55.71545536";"Юго-Восточный административный округ";"район Выхино-Жулебино";"2021";"Апрель";"1146052560";"";"";
"3";"Щёлковская";"Арбатско-Покровская линия";"37.79874691";"55.80974166";"Восточный административный округ";"район Северное Измайлово";"2021";"Апрель";"1146052561";"";"";
"4";"Домодедовская";"Замоскворецкая линия";"37.71878552";"55.61087011";"Южный административный округ";"район Орехово-Борисово Южное";"2021";"Апрель";"1146052562";"";"";
"5";"Тёплый стан";"Калужско-Рижская линия";"37.50697019";"55.61863853";"Юго-Западный административный округ";"район Ясенево";"2021";"Апрель";"1146052563";"";"";
"6";"Новогиреево";"Калининская линия";"37.81742514";"55.723330";"Восточный административный округ";"район Вешняки";"2021";"Апрель";"1146052564";"";"";
"7";"Бульвар Дмитрия Донского";"Серпуховско-Тимирязевская линия";"37.57755224";"55.56967951";"Юго-Западный административный округ";"район Северное Бутово";"2021";"Апрель";"1146052565";"";"";
"8";"Царицыно";"Замоскворецкая линия";"37.66917139";"55.62167819";"Южный административный округ";"район Царицыно";"2021";"Апрель";"1146052566";"";"";
"9";"Текстильщики";"Таганско-Краснопресненская линия";"37.73242901";"55.70881677";"Юго-Восточный административный округ";"район Текстильщики";"2021";"Апрель";"1146052567";"";"";
"10";"Кузьминки";"Таганско-Краснопресненская линия";"37.76640443";"55.70549000";"Юго-Восточный административный округ";"район Кузьминки";"2021";"Апрель";"1146052568";"";"";
"2";"Выхино";"Таганско-Краснопресненская линия";"37.81860885";"55.71545536";"Юго-Восточный административный округ";"район Выхино-Жулебино";"2021";"Май";"1146052570";"";"";
"3";"Домодедовская";"Замоскворецкая линия";"37.71878552";"55.61087011";"Южный административный округ";"район Орехово-Борисово Южное";"2021";"Май";"1146052571";"";"";
"4";"Щёлковская";"Арбатско-Покровская линия";"37.79874691";"55.80974166";"Восточный административный округ";"район Северное Измайлово";"2021";"Май";"1146052572";"";"";
"5";"Текстильщики";"Таганско-Краснопресненская линия";"37.73242901";"55.70881677";"Юго-Восточный административный округ";"район Текстильщики";"2021";"Май";"1146052573";"";"";
"6";"Тёплый стан";"Калужско-Рижская линия";"37.50697019";"55.61863853";"Юго-Западный административный округ";"район Ясенево";"2021";"Май";"1146052574";"";"";
"7";"Царицыно";"Замоскворецкая линия";"37.66917139";"55.62167819";"Южный административный округ";"район Царицыно";"2021";"Май";"1146052575";"";"";
"8";"Кузьминки";"Таганско-Краснопресненская линия";"37.76640443";"55.70549000";"Юго-Восточный административный округ";"район Кузьминки";"2021";"Май";"1146052576";"";"";
"9";"Новогиреево";"Калининская линия";"37.81742514";"55.723330";"Восточный административный округ";"район Вешняки";"2021";"Май";"1146052577";"";"";
"10";"Бульвар Дмитрия Донского";"Серпуховско-Тимирязевская линия";"37.57755224";"55.56967951";"Юго-Западный административный округ";"район Северное Бутово";"2021";"Май";"1146052578";"";"";
"2";"Выхино";"Таганско-Краснопресненская линия";"37.81860885";"55.71545536";"Юго-Восточный административный округ";"район Выхино-Жулебино";"2021";"Июнь";"1146052580";"";"";
"3";"Домодедовская";"Замоскворецкая линия";"37.71878552";"55.61087011";"Южный административный округ";"район Орехово-Борисово Южное";"2021";"Июнь";"1146052581";"";"";
"4";"Щёлковская";"Арбатско-Покровская линия";"37.79874691";"55.80974166";"Восточный административный округ";"район Северное Измайлово";"2021";"Июнь";"1146052582";"";"";
"5";"Тёплый стан";"Калужско-Рижская линия";"37.50697019";"55.61863853";"Юго-Западный административный округ";"район Ясенево";"2021";"Июнь";"1146052583";"";"";
"6";"Царицыно";"Замоскворецкая линия";"37.66917139";"55.62167819";"Южный административный округ";"район Царицыно";"2021";"Июнь";"1146052584";"";"";
"7";"Новогиреево";"Калининская линия";"37.81742514";"55.723330";"Восточный административный округ";"район Вешняки";"2021";"Июнь";"1146052585";"";"";
"8";"Бульвар Дмитрия Донского";"Серпуховско-Тимирязевская линия";"37.57755224";"55.56967951";"Юго-Западный административный округ";"район Северное Бутово";"2021";"Июнь";"1146052586";"";"";
"9";"Текстильщики";"Таганско-Краснопресненская линия";"37.73242901";"55.70881677";"Юго-Восточный административный округ";"район Текстильщики";"2021";"Июнь";"1146052587";"";"";
"2";"Выхино";"Таганско-Краснопресненская линия";"37.81860885";"55.71545536";"Юго-Восточный административный округ";"район Выхино-Жулебино";"2021";"Июль";"1146052590";"";"";
"3";"Тёплый стан";"Калужско-Рижская линия";"37.50697019";"55.61863853";"Юго-Западный административный округ";"район Ясенево";"2021";"Июль";"1146052591";"";"";
"4";"Домодедовская";"Замоскворецкая линия";"37.71878552";"55.61087011";"Южный административный округ";"район Орехово-Борисово Южное";"2021";"Июль";"1146052592";"";"";
"5";"Щёлковская";"Арбатско-Покровская линия";"37.79874691";"55.80974166";"Восточный административный округ";"район Северное Измайлово";"2021";"Июль";"1146052593";"";"";
"6";"Царицыно";"Замоскворецкая линия";"37.66917139";"55.62167819";"Южный административный округ";"район Царицыно";"2021";"Июль";"1146052594";"";"";
"7";"Новогиреево";"Калининская линия";"37.81742514";"55.723330";"Восточный административный округ";"район Вешняки";"2021";"Июль";"1146052595";"";"";
"8";"Бульвар Дмитрия Донского";"Серпуховско-Тимирязевская линия";"37.57755224";"55.56967951";"Юго-Западный административный округ";"район Северное Бутово";"2021";"Июль";"1146052596";"";"";
"9";"Текстильщики";"Таганско-Краснопресненская линия";"37.73242901";"55.70881677";"Юго-Восточный административный округ";"район Текстильщики";"2021";"Июль";"1146052597";"";"";
"10";"Новокосино";"Калининская линия";"37.86427956";"55.74511606";"Восточный административный округ";"район Новокосино";"2021";"Июль";"1146052598";"";"";
"2";"Выхино";"Таганско-Краснопресненская линия";"37.81860885";"55.71545536";"Юго-Восточный административный округ";"район Выхино-Жулебино";"2021";"Август";"1146052600";"";"";
"3";"Тёплый стан";"Калужско-Рижская линия";"37.50697019";"55.61863853";"Юго-Западный административный округ";"район Ясенево";"2021";"Август";"1146052601";"";"";
"4";"Домодедовская";"Замоскворецкая линия";"37.71878552";"55.61087011";"Южный административный округ";"район Орехово-Борисово Южное";"2021";"Август";"1146052602";"";"";
"5";"Щёлковская";"Арбатско-Покровская линия";"37.79874691";"55.80974166";"Восточный административный округ";"район Северное Измайлово";"2021";"Август";"1146052603";"";"";
"6";"Царицыно";"Замоскворецкая линия";"37.66917139";"55.62167819";"Южный административный округ";"район Царицыно";"2021";"Август";"1146052604";"";"";
"7";"Новогиреево";"Калининская линия";"37.81742514";"55.723330";"Восточный административный округ";"район Вешняки";"2021";"Август";"1146052605";"";"";
"8";"Бульвар Дмитрия Донского";"Серпуховско-Тимирязевская линия";"37.57755224";"55.56967951";"Юго-Западный административный округ";"район Северное Бутово";"2021";"Август";"1146052606";"";"";
"9";"Текстильщики";"Таганско-Краснопресненская линия";"37.73242901";"55.70881677";"Юго-Восточный административный округ";"район Текстильщики";"2021";"Август";"1146052607";"";"";
"10";"ВДНХ";"Калужско-Рижская линия";"37.64142125";"55.82118628";"Северо-Восточный административный округ";"Останкинский район";"2021";"Август";"1146052608";"";"";
"1";"Комсомольская";"Кольцевая линия";"37.65486112";"55.77574627";"Центральный административный округ";"Красносельский район";"2021";"Январь";"1146052610";"";"";
"10";"Новокосино";"Калининская линия";"37.86427956";"55.74511606";"Восточный административный округ";"район Новокосино";"2021";"Июнь";"1146052617";"";"";
"1";"Комсомольская";"Кольцевая линия";"37.65486112";"55.77574627";"Центральный административный округ";"Красносельский район";"2021";"Февраль";"1146052628";"";"";
"1";"Комсомольская";"Кольцевая линия";"37.65486112";"55.77574627";"Центральный административный округ";"Красносельский район";"2021";"Март";"1146052630";"";"";
"1";"Комсомольская";"Кольцевая линия";"37.65486112";"55.77574627";"Центральный административный округ";"Красносельский район";"2021";"Апрель";"1146052631";"";"";
"1";"Комсомольская";"Кольцевая линия";"37.65486112";"55.77574627";"Центральный административный округ";"Красносельский район";"2021";"Май";"1146052632";"";"";
"1";"Комсомольская";"Кольцевая линия";"37.65486112";"55.77574627";"Центральный административный округ";"Красносельский район";"2021";"Июнь";"1146052633";"";"";
"1";"Комсомольская";"Кольцевая линия";"37.65486112";"55.77574627";"Центральный административный округ";"Красносельский район";"2021";"Июль";"1146052635";"";"";
"1";"Комсомольская";"Кольцевая линия";"37.65486112";"55.77574627";"Центральный административный округ";"Красносельский район";"2021";"Август";"1146052636";"";"";
"1";"Комсомольская";"Кольцевая линия";"37.65486112";"55.77574627";"Центральный административный округ";"Красносельский район";"2021";"Сентябрь";"1146349054";"";"";
"2";"Выхино";"Таганско-Краснопресненская линия";"37.81860885";"55.71545536";"Юго-Восточный административный округ";"район Выхино-Жулебино";"2021";"Сентябрь";"1146349072";"";"";
"3";"Щёлковская";"Арбатско-Покровская линия";"37.79874691";"55.80974166";"Восточный административный округ";"район Северное Измайлово";"2021";"Сентябрь";"1146349092";"";"";
"4";"Домодедовская";"Замоскворецкая линия";"37.71878552";"55.61087011";"Южный административный округ";"район Орехово-Борисово Южное";"2021";"Сентябрь";"1146363528";"";"";
"5";"Тёплый стан";"Калужско-Рижская линия";"37.50697019";"55.61863853";"Юго-Западный административный округ";"район Ясенево";"2021";"Сентябрь";"1146363612";"";"";
"6";"Новогиреево";"Калининская линия";"37.81742514";"55.723330";"Восточный административный округ";"район Вешняки";"2021";"Сентябрь";"1146363699";"";"";
"7";"Царицыно";"Замоскворецкая линия";"37.66917139";"55.62167819";"Южный административный округ";"район Царицыно";"2021";"Сентябрь";"1146363719";"";"";
"8";"Бульвар Дмитрия Донского";"Серпуховско-Тимирязевская линия";"37.57755224";"55.56967951";"Юго-Западный административный округ";"район Северное Бутово";"2021";"Сентябрь";"1146363738";"";"";
"9";"Курская";"Кольцевая линия";"37.66012112";"55.75745656";"Центральный административный округ";"Басманный район";"2021";"Сентябрь";"1146363750";"";"";
"10";"Новокосино";"Калининская линия";"37.86379572";"55.74507473";"Восточный административный округ";"район Новокосино";"2021";"Сентябрь";"1146363840";"";"";
"1";"Комсомольская";"Кольцевая линия";"37.65486112";"55.77574627";"Центральный административный округ";"Красносельский район";"2021";"Октябрь";"1263038034";"";"";
"2";"Выхино";"Таганско-Краснопресненская линия";"37.81860885";"55.71545536";"Юго-Восточный административный округ";"район Выхино-Жулебино";"2021";"Октябрь";"1263038072";"";"";
"3";"Щёлковская";"Арбатско-Покровская линия";"37.79874691";"55.80974166";"Восточный административный округ";"район Северное Измайлово";"2021";"Октябрь";"1263038169";"";"";
"4";"Тёплый стан";"Калужско-Рижская линия";"37.50697019";"55.61863853";"Юго-Западный административный округ";"район Ясенево";"2021";"Октябрь";"1263038216";"";"";
"5";"Домодедовская";"Замоскворецкая линия";"37.71878552";"55.61087011";"Южный административный округ";"район Орехово-Борисово Южное";"2021";"Октябрь";"1263038366";"";"";
"6";"Новогиреево";"Калининская линия";"37.81742514";"55.723330";"Восточный административный округ";"район Вешняки";"2021";"Октябрь";"1263038621";"";"";
"7";"Царицыно";"Замоскворецкая линия";"37.66917139";"55.62167819";"Южный административный округ";"район Царицыно";"2021";"Октябрь";"1263038792";"";"";
"8";"Бульвар Дмитрия Донского";"Серпуховско-Тимирязевская линия";"37.57755224";"55.56967951";"Юго-Западный административный округ";"район Северное Бутово";"2021";"Октябрь";"1263038830";"";"";
"9";"Курская";"Кольцевая линия";"37.66012112";"55.75745656";"Центральный административный округ";"Басманный район";"2021";"Октябрь";"1263039617";"";"";
"10";"Текстильщики";"Таганско-Краснопресненская линия";"37.73242901";"55.70881677";"Юго-Восточный административный округ";"район Текстильщики";"2021";"Октябрь";"1263039858";"";"";
"2";"Выхино";"Таганско-Краснопресненская линия";"37.81860885";"55.71545536";"Юго-Восточный административный округ";"район Выхино-Жулебино";"2021";"Ноябрь";"1266370635";"";"";
"3";"Щёлковская";"Арбатско-Покровская линия";"37.79874691";"55.80974166";"Восточный административный округ";"район Северное Измайлово";"2021";"Ноябрь";"1266370636";"";"";
"4";"Домодедовская";"Замоскворецкая линия";"37.71878552";"55.61087011";"Южный административный округ";"район Орехово-Борисово Южное";"2021";"Ноябрь";"1266370637";"";"";
"5";"Бульвар Дмитрия Донского";"Серпуховско-Тимирязевская линия";"37.57755224";"55.56967951";"Юго-Западный административный округ";"район Северное Бутово";"2021";"Ноябрь";"1266370638";"";"";
"6";"Новогиреево";"Калининская линия";"37.81742514";"55.723330";"Восточный административный округ";"район Вешняки";"2021";"Ноябрь";"1266370639";"";"";
"7";"Царицыно";"Замоскворецкая линия";"37.66917139";"55.62167819";"Южный административный округ";"район Царицыно";"2021";"Ноябрь";"1266370640";"";"";
"8";"Тёплый стан";"Калужско-Рижская линия";"37.50697019";"55.61863853";"Юго-Западный административный округ";"район Ясенево";"2021";"Ноябрь";"1266370641";"";"";
"9";"Новокосино";"Калининская линия";"37.86379572";"55.74507473";"Восточный административный округ";"район Новокосино";"2021";"Ноябрь";"1266370643";"";"";
"10";"Текстильщики";"Таганско-Краснопресненская линия";"37.73242901";"55.70881677";"Юго-Восточный административный округ";"район Текстильщики";"2021";"Ноябрь";"1266370644";"";"";
"1";"Комсомольская";"Кольцевая линия";"37.65486112";"55.77574627";"Центральный административный округ";"Красносельский район";"2021";"Ноябрь";"1266370699";"";"";
"1";"Комсомольская";"Кольцевая линия";"37.65486112";"55.77574627";"Центральный административный округ";"Красносельский район";"2021";"Декабрь";"1304122819";"";"";
"2";"Выхино";"Таганско-Краснопресненская линия";"37.81860885";"55.71545536";"Юго-Восточный административный округ";"район Выхино-Жулебино";"2021";"Декабрь";"1304347427";"";"";
"3";"Тёплый стан";"Калужско-Рижская линия";"37.50697019";"55.61863853";"Юго-Западный административный округ";"район Ясенево";"2021";"Декабрь";"1306313995";"";"";
"4";"Домодедовская";"Замоскворецкая линия";"37.71878552";"55.61087011";"Южный административный округ";"район Орехово-Борисово Южное";"2021";"Декабрь";"1306593324";"";"";
"5";"Щёлковская";"Арбатско-Покровская линия";"37.79874691";"55.80974166";"Восточный административный округ";"район Северное Измайлово";"2021";"Декабрь";"1306901341";"";"";
"6";"Бульвар Дмитрия Донского";"Серпуховско-Тимирязевская линия";"37.57755224";"55.56967951";"Юго-Западный административный округ";"район Северное Бутово";"2021";"Декабрь";"1307242048";"";"";
"7";"Царицыно";"Замоскворецкая линия";"37.66917139";"55.62167819";"Южный административный округ";"район Царицыно";"2021";"Декабрь";"1307449449";"";"";
"8";"Новогиреево";"Калининская линия";"37.81742514";"55.723330";"Восточный административный округ";"район Вешняки";"2021";"Декабрь";"1307562540";"";"";
"9";"Китай-город";"Калужско-Рижская линия";"37.63353147";"55.75329790";"Центральный административный округ";"Таганский район";"2021";"Декабрь";"1307652484";"";"";
"10";"ВДНХ";"Калужско-Рижская линия";"37.64142125";"55.82118628";"Северо-Восточный административный округ";"Останкинский район";"2021";"Декабрь";"1307772883";"";"";
"2";"Выхино";"Таганско-Краснопресненская линия";"37.81860885";"55.71545536";"Юго-Восточный административный округ";"район Выхино-Жулебино";"2022";"Январь";"2257253944";"";"";
"5";"Домодедовская";"Замоскворецкая линия";"37.71878552";"55.61087011";"Южный административный округ";"район Орехово-Борисово Южное";"2022";"Январь";"2257253947";"";"";
"8";"Тёплый стан";"Калужско-Рижская линия";"37.50697019";"55.61863853";"Юго-Западный административный округ";"район Ясенево";"2022";"Январь";"2257253950";"";"";
"9";"Новокосино";"Калининская линия";"37.86379572";"55.74507473";"Восточный административный округ";"район Новокосино";"2022";"Январь";"2257253951";"";"";
"10";"Текстильщики";"Таганско-Краснопресненская линия";"37.73242901";"55.70881677";"Юго-Восточный административный округ";"район Текстильщики";"2022";"Январь";"2257253952";"";"";
"1";"Комсомольская";"Кольцевая линия";"37.65486112";"55.77574627";"Центральный административный округ";"Красносельский район";"2022";"Январь";"2257254012";"";"";
"3";"Щёлковская";"Арбатско-Покровская линия";"37.79874691";"55.80974166";"Восточный административный округ";"район Северное Измайлово";"2022";"Январь";"2257254028";"";"";
"4";"Бульвар Дмитрия Донского";"Серпуховско-Тимирязевская линия";"37.57755224";"55.56967951";"Юго-Западный административный округ";"район Северное Бутово";"2022";"Январь";"2257254032";"";"";
"6";"Царицыно";"Замоскворецкая линия";"37.66917139";"55.62167819";"Южный административный округ";"район Царицыно";"2022";"Январь";"2257254039";"";"";
"7";"Новогиреево";"Калининская линия";"37.81742514";"55.723330";"Восточный административный округ";"район Вешняки";"2022";"Январь";"2257254044";"";"";
"1";"Комсомольская";"Кольцевая линия";"37.65486112";"55.77574627";"Центральный административный округ";"Красносельский район";"2022";"Февраль";"2359788801";"";"";
"2";"Выхино";"Таганско-Краснопресненская линия";"37.81860885";"55.71545536";"Юго-Восточный административный округ";"район Выхино-Жулебино";"2022";"Февраль";"2359788802";"";"";
"4";"Царицыно";"Замоскворецкая линия";"37.66917139";"55.62167819";"Южный административный округ";"район Царицыно";"2022";"Февраль";"2359788803";"";"";
"6";"Бульвар Дмитрия Донского";"Серпуховско-Тимирязевская линия";"37.57755224";"55.56967951";"Юго-Западный административный округ";"район Северное Бутово";"2022";"Февраль";"2359788815";"";"";
"5";"Новогиреево";"Калининская линия";"37.81742514";"55.723330";"Восточный административный округ";"район Вешняки";"2022";"Февраль";"2359788816";"";"";
"7";"Домодедовская";"Замоскворецкая линия";"37.71878552";"55.61087011";"Южный административный округ";"район Орехово-Борисово Южное";"2022";"Февраль";"2359788817";"";"";
"8";"Тёплый стан";"Калужско-Рижская линия";"37.50697019";"55.61863853";"Юго-Западный административный округ";"район Ясенево";"2022";"Февраль";"2359788818";"";"";
"9";"Новокосино";"Калининская линия";"37.86379572";"55.74507473";"Восточный административный округ";"район Новокосино";"2022";"Февраль";"2359788819";"";"";
"10";"ВДНХ";"Калужско-Рижская линия";"37.64142125";"55.82118628";"Северо-Восточный административный округ";"Останкинский район";"2022";"Февраль";"2359788821";"";"";
"3";"Щёлковская";"Арбатско-Покровская линия";"37.79874691";"55.80974166";"Восточный административный округ";"район Северное Измайлово";"2022";"Февраль";"2359792617";"";"";
"1";"Комсомольская";"Кольцевая линия";"37.65486112";"55.77574627";"Центральный административный округ";"Красносельский район";"2022";"Март";"2362409067";"";"";
"2";"Выхино";"Таганско-Краснопресненская линия";"37.81860885";"55.71545536";"Юго-Восточный административный округ";"район Выхино-Жулебино";"2022";"Март";"2362409077";"";"";
"3";"Щёлковская";"Арбатско-Покровская линия";"37.79874691";"55.80974166";"Восточный административный округ";"район Северное Измайлово";"2022";"Март";"2362409079";"";"";
"4";"Домодедовская";"Замоскворецкая линия";"37.71878552";"55.61087011";"Южный административный округ";"район Орехово-Борисово Южное";"2022";"Март";"2362409080";"";"";
"5";"Тёплый стан";"Калужско-Рижская линия";"37.50697019";"55.61863853";"Юго-Западный административный округ";"район Ясенево";"2022";"Март";"2362464375";"";"";
"6";"Царицыно";"Замоскворецкая линия";"37.66917139";"55.62167819";"Южный административный округ";"район Царицыно";"2022";"Март";"2362464381";"";"";
"7";"Новогиреево";"Калининская линия";"37.81742514";"55.723330";"Восточный административный округ";"район Вешняки";"2022";"Март";"2362464385";"";"";
"8";"Бульвар Дмитрия Донского";"Серпуховско-Тимирязевская линия";"37.57755224";"55.56967951";"Юго-Западный административный округ";"район Северное Бутово";"2022";"Март";"2362464386";"";"";
"9";"Новокосино";"Калининская линия";"37.86379572";"55.74507473";"Восточный административный округ";"район Новокосино";"2022";"Март";"2362464410";"";"";
"10";"ВДНХ";"Калужско-Рижская линия";"37.64142125";"55.82118628";"Северо-Восточный административный округ";"Останкинский район";"2022";"Март";"2362464411";"";"";
"1";"Комсомольская";"Кольцевая линия";"37.65486112";"55.77574627";"Центральный административный округ";"Красносельский район";"2022";"Апрель";"2366313399";"";"";
"2";"Выхино";"Таганско-Краснопресненская линия";"37.81860885";"55.71545536";"Юго-Восточный административный округ";"район Выхино-Жулебино";"2022";"Апрель";"2366417832";"";"";
"3";"Домодедовская";"Замоскворецкая линия";"37.71878552";"55.61087011";"Южный административный округ";"район Орехово-Борисово Южное";"2022";"Апрель";"2366417897";"";"";
"4";"Щёлковская";"Арбатско-Покровская линия";"37.79874691";"55.80974166";"Восточный административный округ";"район Северное Измайлово";"2022";"Апрель";"2366417938";"";"";
"5";"Тёплый стан";"Калужско-Рижская линия";"37.50697019";"55.61863853";"Юго-Западный административный округ";"район Ясенево";"2022";"Апрель";"2366417975";"";"";
"6";"Новогиреево";"Калининская линия";"37.81742514";"55.723330";"Восточный административный округ";"район Вешняки";"2022";"Апрель";"2366417992";"";"";
"7";"Царицыно";"Замоскворецкая линия";"37.66917139";"55.62167819";"Южный административный округ";"район Царицыно";"2022";"Апрель";"2366417995";"";"";
"8";"Бульвар Дмитрия Донского";"Серпуховско-Тимирязевская линия";"37.57755224";"55.56967951";"Юго-Западный административный округ";"район Северное Бутово";"2022";"Апрель";"2366418028";"";"";
"9";"Новокосино";"Калининская линия";"37.86379572";"55.74507473";"Восточный административный округ";"район Новокосино";"2022";"Апрель";"2366418076";"";"";
"10";"Текстильщики";"Таганско-Краснопресненская линия";"37.73242901";"55.70881677";"Юго-Восточный административный округ";"район Текстильщики";"2022";"Апрель";"2366418093";"";"";
"2";"Выхино";"Таганско-Краснопресненская линия";"37.81860885";"55.71545536";"Юго-Восточный административный округ";"район Выхино-Жулебино";"2022";"Май";"2370779679";"";"";
"3";"Домодедовская";"Замоскворецкая линия";"37.71878552";"55.61087011";"Южный административный округ";"район Орехово-Борисово Южное";"2022";"Май";"2370779680";"";"";
"4";"Щёлковская";"Арбатско-Покровская линия";"37.79874691";"55.80974166";"Восточный административный округ";"район Северное Измайлово";"2022";"Май";"2370779681";"";"";
"5";"Тёплый стан";"Калужско-Рижская линия";"37.50697019";"55.61863853";"Юго-Западный административный округ";"район Ясенево";"2022";"Май";"2370779682";"";"";
"6";"Царицыно";"Замоскворецкая линия";"37.66917139";"55.62167819";"Южный административный округ";"район Царицыно";"2022";"Май";"2370779683";"";"";
"7";"Новогиреево";"Калининская линия";"37.81742514";"55.723330";"Восточный административный округ";"район Вешняки";"2022";"Май";"2370779684";"";"";
"8";"ВДНХ";"Калужско-Рижская линия";"37.64142125";"55.82118628";"Северо-Восточный административный округ";"Останкинский район";"2022";"Май";"2370779685";"";"";
"9";"Текстильщики";"Таганско-Краснопресненская линия";"37.73242901";"55.70881677";"Юго-Восточный административный округ";"район Текстильщики";"2022";"Май";"2370779686";"";"";
"10";"Бульвар Дмитрия Донского";"Серпуховско-Тимирязевская линия";"37.57755224";"55.56967951";"Юго-Западный административный округ";"район Северное Бутово";"2022";"Май";"2370779687";"";"";
"1";"Комсомольская";"Кольцевая линия";"37.65486112";"55.77574627";"Центральный административный округ";"Красносельский район";"2022";"Май";"2370780977";"";"";
"2";"Выхино";"Таганско-Краснопресненская линия";"37.81860885";"55.71545536";"Юго-Восточный административный округ";"район Выхино-Жулебино";"2022";"Июнь";"2375973445";"";"";
"3";"Тёплый стан";"Калужско-Рижская линия";"37.50697019";"55.61863853";"Юго-Западный административный округ";"район Ясенево";"2022";"Июнь";"2375973446";"";"";
"4";"Домодедовская";"Замоскворецкая линия";"37.71878552";"55.61087011";"Южный административный округ";"район Орехово-Борисово Южное";"2022";"Июнь";"2375973447";"";"";
"5";"Щёлковская";"Арбатско-Покровская линия";"37.79874691";"55.80974166";"Восточный административный округ";"район Северное Измайлово";"2022";"Июнь";"2375973448";"";"";
"6";"Царицыно";"Замоскворецкая линия";"37.66917139";"55.62167819";"Южный административный округ";"район Царицыно";"2022";"Июнь";"2375973449";"";"";
"7";"ВДНХ";"Калужско-Рижская линия";"37.64142125";"55.82118628";"Северо-Восточный административный округ";"Останкинский район";"2022";"Июнь";"2375973450";"";"";
"8";"Новогиреево";"Калининская линия";"37.81742514";"55.723330";"Восточный административный округ";"район Вешняки";"2022";"Июнь";"2375973451";"";"";
"9";"Бульвар Дмитрия Донского";"Серпуховско-Тимирязевская линия";"37.57755224";"55.56967951";"Юго-Западный административный округ";"район Северное Бутово";"2022";"Июнь";"2375973452";"";"";
"10";"Текстильщики";"Таганско-Краснопресненская линия";"37.73242901";"55.70881677";"Юго-Восточный административный округ";"район Текстильщики";"2022";"Июнь";"2375973453";"";"";
"1";"Комсомольская";"Кольцевая линия";"37.65486112";"55.77574627";"Центральный административный округ";"Красносельский район";"2022";"Июнь";"2375973454";"";"";
"2";"Выхино";"Таганско-Краснопресненская линия";"37.81860885";"55.71545536";"Юго-Восточный административный округ";"район Выхино-Жулебино";"2022";"Июль";"2379935642";"";"";
"3";"Домодедовская";"Замоскворецкая линия";"37.71878552";"55.61087011";"Южный административный округ";"район Орехово-Борисово Южное";"2022";"Июль";"2379935643";"";"";
"4";"Тёплый стан";"Калужско-Рижская линия";"37.50697019";"55.61863853";"Юго-Западный административный округ";"район Ясенево";"2022";"Июль";"2379935644";"";"";
"5";"Щёлковская";"Арбатско-Покровская линия";"37.79874691";"55.80974166";"Восточный административный округ";"район Северное Измайлово";"2022";"Июль";"2379935645";"";"";
"6";"Царицыно";"Замоскворецкая линия";"37.66917139";"55.62167819";"Южный административный округ";"район Царицыно";"2022";"Июль";"2379935646";"";"";
"7";"ВДНХ";"Калужско-Рижская линия";"37.64142125";"55.82118628";"Северо-Восточный административный округ";"Останкинский район";"2022";"Июль";"2379935647";"";"";
"8";"Новогиреево";"Калининская линия";"37.81742514";"55.723330";"Восточный административный округ";"район Вешняки";"2022";"Июль";"2379935649";"";"";
"9";"Бульвар Дмитрия Донского";"Серпуховско-Тимирязевская линия";"37.57755224";"55.56967951";"Юго-Западный административный округ";"район Северное Бутово";"2022";"Июль";"2379935650";"";"";
"10";"Текстильщики";"Таганско-Краснопресненская линия";"37.73242901";"55.70881677";"Юго-Восточный административный округ";"район Текстильщики";"2022";"Июль";"2379935651";"";"";
"1";"Комсомольская";"Кольцевая линия";"37.65486112";"55.77574627";"Центральный административный округ";"Красносельский район";"2022";"Июль";"2379935799";"";"";
"2";"Выхино";"Таганско-Краснопресненская линия";"37.81860885";"55.71545536";"Юго-Восточный административный округ";"район Выхино-Жулебино";"2022";"Август";"2382463038";"";"";
"3";"Домодедовская";"Замоскворецкая линия";"37.71878552";"55.61087011";"Южный административный округ";"район Орехово-Борисово Южное";"2022";"Август";"2382463039";"";"";
"4";"Царицыно";"Замоскворецкая линия";"37.66917139";"55.62167819";"Южный административный округ";"район Царицыно";"2022";"Август";"2382463040";"";"";
"5";"Щёлковская";"Арбатско-Покровская линия";"37.79874691";"55.80974166";"Восточный административный округ";"район Северное Измайлово";"2022";"Август";"2382463041";"";"";
"6";"Тёплый стан";"Калужско-Рижская линия";"37.50697019";"55.61863853";"Юго-Западный административный округ";"район Ясенево";"2022";"Август";"2382463043";"";"";
"7";"Новогиреево";"Калининская линия";"37.81742514";"55.723330";"Восточный административный округ";"район Вешняки";"2022";"Август";"2382463044";"";"";
"8";"ВДНХ";"Калужско-Рижская линия";"37.64142125";"55.82118628";"Северо-Восточный административный округ";"Останкинский район";"2022";"Август";"2382463045";"";"";
"9";"Бульвар Дмитрия Донского";"Серпуховско-Тимирязевская линия";"37.57755224";"55.56967951";"Юго-Западный административный округ";"район Северное Бутово";"2022";"Август";"2382463047";"";"";
"10";"Текстильщики";"Таганско-Краснопресненская линия";"37.73242901";"55.70881677";"Юго-Восточный административный округ";"район Текстильщики";"2022";"Август";"2382463048";"";"";
"1";"Комсомольская";"Кольцевая линия";"37.65486112";"55.77574627";"Центральный административный округ";"Красносельский район";"2022";"Август";"2382463131";"";"";
"2";"Выхино";"Таганско-Краснопресненская линия";"37.81860885";"55.71545536";"Юго-Восточный административный округ";"район Выхино-Жулебино";"2022";"Сентябрь";"2387281233";"";"";
"3";"Щёлковская";"Арбатско-Покровская линия";"37.79874691";"55.80974166";"Восточный административный округ";"район Северное Измайлово";"2022";"Сентябрь";"2387281234";"";"";
"4";"Домодедовская";"Замоскворецкая линия";"37.71878552";"55.61087011";"Южный административный округ";"район Орехово-Борисово Южное";"2022";"Сентябрь";"2387281236";"";"";
"5";"Тёплый стан";"Калужско-Рижская линия";"37.50697019";"55.61863853";"Юго-Западный административный округ";"район Ясенево";"2022";"Сентябрь";"2387281237";"";"";
"6";"Царицыно";"Замоскворецкая линия";"37.66917139";"55.62167819";"Южный административный округ";"район Царицыно";"2022";"Сентябрь";"2387305145";"";"";
"7";"Новогиреево";"Калининская линия";"37.81742514";"55.723330";"Восточный административный округ";"район Вешняки";"2022";"Сентябрь";"2387305146";"";"";
"8";"Бульвар Дмитрия Донского";"Серпуховско-Тимирязевская линия";"37.57755224";"55.56967951";"Юго-Западный административный округ";"район Северное Бутово";"2022";"Сентябрь";"2387305147";"";"";
"9";"ВДНХ";"Калужско-Рижская линия";"37.64142125";"55.82118628";"Северо-Восточный административный округ";"Останкинский район";"2022";"Сентябрь";"2387305148";"";"";
"10";"Текстильщики";"Таганско-Краснопресненская линия";"37.73242901";"55.70881677";"Юго-Восточный административный округ";"район Текстильщики";"2022";"Сентябрь";"2387305149";"";"";
"1";"Комсомольская";"Кольцевая линия";"37.65486112";"55.77574627";"Центральный административный округ";"Красносельский район";"2022";"Сентябрь";"2387305268";"";"";
"1";"Комсомольская";"Кольцевая линия";"37.65486112";"55.77574627";"Центральный административный округ";"Красносельский район";"2022";"Октябрь";"2390268144";"";"";
"2";"Выхино";"Таганско-Краснопресненская линия";"37.81860885";"55.71545536";"Юго-Восточный административный округ";"район Выхино-Жулебино";"2022";"Октябрь";"2390268244";"";"";
"3";"Щёлковская";"Арбатско-Покровская линия";"37.79874691";"55.80974166";"Восточный административный округ";"район Северное Измайлово";"2022";"Октябрь";"2390268347";"";"";
"4";"Новогиреево";"Калининская линия";"37.81742514";"55.723330";"Восточный административный округ";"район Вешняки";"2022";"Октябрь";"2390268440";"";"";
"5";"Домодедовская";"Замоскворецкая линия";"37.71878552";"55.61087011";"Южный административный округ";"район Орехово-Борисово Южное";"2022";"Октябрь";"2390268526";"";"";
"6";"Тёплый стан";"Калужско-Рижская линия";"37.50697019";"55.61863853";"Юго-Западный административный округ";"район Ясенево";"2022";"Октябрь";"2390268598";"";"";
"7";"Царицыно";"Замоскворецкая линия";"37.66917139";"55.62167819";"Южный административный округ";"район Царицыно";"2022";"Октябрь";"2390268684";"";"";
"8";"Бульвар Дмитрия Донского";"Серпуховско-Тимирязевская линия";"37.57755224";"55.56967951";"Юго-Западный административный округ";"район Северное Бутово";"2022";"Октябрь";"2390268804";"";"";
"9";"Новокосино";"Калининская линия";"37.86427956";"55.74511606";"Восточный административный округ";"район Новокосино";"2022";"Октябрь";"2390268892";"";"";
"10";"ВДНХ";"Калужско-Рижская линия";"37.64142125";"55.82118628";"Северо-Восточный административный округ";"Останкинский район";"2022";"Октябрь";"2390268967";"";"";
"1";"Комсомольская";"Кольцевая линия";"37.65486112";"55.77574627";"Центральный административный округ";"Красносельский район";"2022";"Ноябрь";"2402230292";"";"";
"2";"Выхино";"Таганско-Краснопресненская линия";"37.81860885";"55.71545536";"Юго-Восточный административный округ";"район Выхино-Жулебино";"2022";"Ноябрь";"2402230293";"";"";
"3";"Щёлковская";"Арбатско-Покровская линия";"37.79874691";"55.80974166";"Восточный административный округ";"район Северное Измайлово";"2022";"Ноябрь";"2402230294";"";"";
"4";"Новогиреево";"Калининская линия";"37.81742514";"55.723330";"Восточный административный округ";"район Вешняки";"2022";"Ноябрь";"2402230295";"";"";
"5";"Тёплый стан";"Калужско-Рижская линия";"37.50697019";"55.61863853";"Юго-Западный административный округ";"район Ясенево";"2022";"Ноябрь";"2402230296";"";"";
"6";"Бульвар Дмитрия Донского";"Серпуховско-Тимирязевская линия";"37.57755224";"55.56967951";"Юго-Западный административный округ";"район Северное Бутово";"2022";"Ноябрь";"2402230297";"";"";
"7";"Текстильщики";"Таганско-Краснопресненская линия";"37.73242901";"55.70881677";"Юго-Восточный административный округ";"район Текстильщики";"2022";"Ноябрь";"2402230298";"";"";
"8";"ВДНХ";"Калужско-Рижская линия";"37.64142125";"55.82118628";"Северо-Восточный административный округ";"Останкинский район";"2022";"Ноябрь";"2402230299";"";"";
"9";"Новокосино";"Калининская линия";"37.86427956";"55.74511606";"Восточный административный округ";"район Новокосино";"2022";"Ноябрь";"2402230300";"";"";
"10";"Кузьминки";"Таганско-Краснопресненская линия";"37.76640443";"55.70549000";"Юго-Восточный административный округ";"район Кузьминки";"2022";"Ноябрь";"2402230301";"";"";
"1";"Комсомольская";"Кольцевая линия";"37.65486112";"55.77574627";"Центральный административный округ";"Красносельский район";"2022";"Декабрь";"2507467421";"";"";
"2";"Выхино";"Таганско-Краснопресненская линия";"37.81860885";"55.71545536";"Юго-Восточный административный округ";"район Выхино-Жулебино";"2022";"Декабрь";"2507467423";"";"";
"3";"Автозаводская";"Замоскворецкая линия";"37.65858";"55.70801";"Южный административный округ";"Даниловский район";"2022";"Декабрь";"2507467424";"";"";
"4";"Новогиреево";"Калининская линия";"37.81742514";"55.723330";"Восточный административный округ";"район Вешняки";"2022";"Декабрь";"2507467425";"";"";
"5";"Бульвар Дмитрия Донского";"Серпуховско-Тимирязевская линия";"37.57755224";"55.56967951";"Юго-Западный административный округ";"район Северное Бутово";"2022";"Декабрь";"2507467426";"";"";
"6";"Тёплый стан";"Калужско-Рижская линия";"37.50697019";"55.61863853";"Юго-Западный административный округ";"район Ясенево";"2022";"Декабрь";"2507467432";"";"";
"7";"Нагатинская";"Серпуховско-Тимирязевская линия";"37.62285";"55.68386";"Южный административный округ";"Нагорный район";"2022";"Декабрь";"2507467434";"";"";
"8";"Щёлковская";"Арбатско-Покровская линия";"37.79874691";"55.80974166";"Восточный административный округ";"район Северное Измайлово";"2022";"Декабрь";"2507467454";"";"";
"9";"Текстильщики";"Таганско-Краснопресненская линия";"37.73242901";"55.70881677";"Юго-Восточный административный округ";"район Текстильщики";"2022";"Декабрь";"2507467508";"";"";
"10";"Новокосино";"Калининская линия";"37.86427956";"55.74511606";"Восточный административный округ";"район Новокосино";"2022";"Декабрь";"2507467776";"";"";
"2";"Выхино";"Таганско-Краснопресненская линия";"37.81860885";"55.71545536";"Юго-Восточный административный округ";"район Выхино-Жулебино";"2023";"Январь";"2533516497";"";"";
"3";"Щёлковская";"Арбатско-Покровская линия";"37.79874691";"55.80974166";"Восточный административный округ";"район Северное Измайлово";"2023";"Январь";"2533516498";"";"";
"5";"Новогиреево";"Калининская линия";"37.81742514";"55.723330";"Восточный административный округ";"район Вешняки";"2023";"Январь";"2533516513";"";"";
"6";"Бульвар Дмитрия Донского";"Серпуховско-Тимирязевская линия";"37.57755224";"55.56967951";"Юго-Западный административный округ";"район Северное Бутово";"2023";"Январь";"2533516523";"";"";
"7";"Тёплый стан";"Калужско-Рижская линия";"37.50697019";"55.61863853";"Юго-Западный административный округ";"район Ясенево";"2023";"Январь";"2533516530";"";"";
"8";"Текстильщики";"Таганско-Краснопресненская линия";"37.73242901";"55.70881677";"Юго-Восточный административный округ";"район Текстильщики";"2023";"Январь";"2533516536";"";"";
"9";"ВДНХ";"Калужско-Рижская линия";"37.64142125";"55.82118628";"Северо-Восточный административный округ";"Останкинский район";"2023";"Январь";"2533516537";"";"";
"4";"Автозаводская";"Замоскворецкая линия";"37.65858";"55.70801";"Южный административный округ";"Даниловский район";"2023";"Январь";"2533518833";"";"";
"1";"Комсомольская";"Кольцевая линия";"37.65486112";"55.77574627";"Центральный административный округ";"Красносельский район";"2023";"Январь";"2533523261";"";"";
"10";"Пражская";"Серпуховско-Тимирязевская линия";"37.60499";"55.61354";"Южный административный округ";"район Чертаново Центральное";"2023";"Январь";"2533523954";"";"";
"1";"Комсомольская";"Кольцевая линия";"37.65486112";"55.77574627";"Центральный административный округ";"Красносельский район";"2023";"Февраль";"2571519982";"";"";
"2";"Выхино";"Таганско-Краснопресненская линия";"37.81860885";"55.71545536";"Юго-Восточный административный округ";"район Выхино-Жулебино";"2023";"Февраль";"2571519991";"";"";
"3";"Щёлковская";"Арбатско-Покровская линия";"37.79874691";"55.80974166";"Восточный административный округ";"район Северное Измайлово";"2023";"Февраль";"2571519999";"";"";
"4";"Автозаводская";"Замоскворецкая линия";"37.65858";"55.70801";"Южный административный округ";"Даниловский район";"2023";"Февраль";"2571520007";"";"";
"5";"Новогиреево";"Калининская линия";"37.81742514";"55.723330";"Восточный административный округ";"район Вешняки";"2023";"Февраль";"2571520018";"";"";
"6";"Тёплый стан";"Калужско-Рижская линия";"37.50697019";"55.61863853";"Юго-Западный административный округ";"район Ясенево";"2023";"Февраль";"2571520021";"";"";
"7";"Бульвар Дмитрия Донского";"Серпуховско-Тимирязевская линия";"37.57755224";"55.56967951";"Юго-Западный административный округ";"район Северное Бутово";"2023";"Февраль";"2571520023";"";"";
"8";"Текстильщики";"Таганско-Краснопресненская линия";"37.73242901";"55.70881677";"Юго-Восточный административный округ";"район Текстильщики";"2023";"Февраль";"2571520031";"";"";
"9";"Нагатинская";"Серпуховско-Тимирязевская линия";"37.62285";"55.68386";"Южный административный округ";"Нагорный район";"2023";"Февраль";"2571520043";"";"";
"10";"ВДНХ";"Калужско-Рижская линия";"37.64142125";"55.82118628";"Северо-Восточный административный округ";"Останкинский район";"2023";"Февраль";"2571520052";"";"";
"1";"Комсомольская";"Кольцевая линия";"37.65486112";"55.77574627";"Центральный административный округ";"Красносельский район";"2023";"Март";"2580342845";"";"";
"2";"Текстильщики";"Таганско-Краснопресненская линия";"37.73242901";"55.70881677";"Юго-Восточный административный округ";"район Текстильщики";"2023";"Март";"2580342878";"";"";
"3";"Выхино";"Таганско-Краснопресненская линия";"37.81860885";"55.71545536";"Юго-Восточный административный округ";"район Выхино-Жулебино";"2023";"Март";"2580342908";"";"";
"4";"Щёлковская";"Арбатско-Покровская линия";"37.79874691";"55.80974166";"Восточный административный округ";"район Северное Измайлово";"2023";"Март";"2580342945";"";"";
"5";"Новогиреево";"Калининская линия";"37.81742514";"55.723330";"Восточный административный округ";"район Вешняки";"2023";"Март";"2580342978";"";"";
"6";"Тёплый стан";"Калужско-Рижская линия";"37.50697019";"55.61863853";"Юго-Западный административный округ";"район Ясенево";"2023";"Март";"2580343018";"";"";
"7";"Бульвар Дмитрия Донского";"Серпуховско-Тимирязевская линия";"37.57755224";"55.56967951";"Юго-Западный административный округ";"район Северное Бутово";"2023";"Март";"2580343047";"";"";
"8";"ВДНХ";"Калужско-Рижская линия";"37.64142125";"55.82118628";"Северо-Восточный административный округ";"Останкинский район";"2023";"Март";"2580343076";"";"";
"9";"Автозаводская";"Замоскворецкая линия";"37.65858";"55.70801";"Южный административный округ";"Даниловский район";"2023";"Март";"2580343098";"";"";
"10";"Пражская";"Серпуховско-Тимирязевская линия";"37.60499";"55.61354";"Южный административный округ";"район Чертаново Центральное";"2023";"Март";"2580343131";"";"";
"1";"Комсомольская";"Кольцевая линия";"37.65486112";"55.77574627";"Центральный административный округ";"Красносельский район";"2023";"Апрель";"2587545921";"";"";
"2";"Выхино";"Таганско-Краснопресненская линия";"37.81860885";"55.71545536";"Юго-Восточный административный округ";"район Выхино-Жулебино";"2023";"Апрель";"2587545958";"";"";
"3";"Текстильщики";"Таганско-Краснопресненская линия";"37.73242901";"55.70881677";"Юго-Восточный административный округ";"район Текстильщики";"2023";"Апрель";"2587545988";"";"";
"4";"Щёлковская";"Арбатско-Покровская линия";"37.79874691";"55.80974166";"Восточный административный округ";"район Северное Измайлово";"2023";"Апрель";"2587545999";"";"";
"5";"Тёплый стан";"Калужско-Рижская линия";"37.50697019";"55.61863853";"Юго-Западный административный округ";"район Ясенево";"2023";"Апрель";"2587546008";"";"";
"6";"Новогиреево";"Калининская линия";"37.81742514";"55.723330";"Восточный административный округ";"район Вешняки";"2023";"Апрель";"2587546026";"";"";
"7";"Бульвар Дмитрия Донского";"Серпуховско-Тимирязевская линия";"37.57755224";"55.56967951";"Юго-Западный административный округ";"район Северное Бутово";"2023";"Апрель";"2587546038";"";"";
"8";"ВДНХ";"Калужско-Рижская линия";"37.64142125";"55.82118628";"Северо-Восточный административный округ";"Останкинский район";"2023";"Апрель";"2587546058";"";"";
"9";"Новокосино";"Калининская линия";"37.86427956";"55.74511606";"Восточный административный округ";"район Новокосино";"2023";"Апрель";"2587546072";"";"";
"10";"Автозаводская";"Замоскворецкая линия";"37.65858";"55.70801";"Южный административный округ";"Даниловский район";"2023";"Апрель";"2587546086";"";"";
"1";"Комсомольская";"Кольцевая линия";"37.65486112";"55.77574627";"Центральный административный округ";"Красносельский район";"2023";"Май";"2591775684";"";"";
"2";"Выхино";"Таганско-Краснопресненская линия";"37.81860885";"55.71545536";"Юго-Восточный административный округ";"район Выхино-Жулебино";"2023";"Май";"2591775692";"";"";
"3";"Текстильщики";"Таганско-Краснопресненская линия";"37.73242901";"55.70881677";"Юго-Восточный административный округ";"район Текстильщики";"2023";"Май";"2591775694";"";"";
"4";"Тёплый стан";"Калужско-Рижская линия";"37.50697019";"55.61863853";"Юго-Западный административный округ";"район Ясенево";"2023";"Май";"2591775697";"";"";
"5";"Щёлковская";"Арбатско-Покровская линия";"37.79874691";"55.80974166";"Восточный административный округ";"район Северное Измайлово";"2023";"Май";"2591775707";"";"";
"6";"Новогиреево";"Калининская линия";"37.81742514";"55.723330";"Восточный административный округ";"район Вешняки";"2023";"Май";"2591775714";"";"";
"7";"ВДНХ";"Калужско-Рижская линия";"37.64142125";"55.82118628";"Северо-Восточный административный округ";"Останкинский район";"2023";"Май";"2591775725";"";"";
"8";"Бульвар Дмитрия Донского";"Серпуховско-Тимирязевская линия";"37.57755224";"55.56967951";"Юго-Западный административный округ";"район Северное Бутово";"2023";"Май";"2591775738";"";"";
"9";"Домодедовская";"Замоскворецкая линия";"37.71878552";"55.61087011";"Южный административный округ";"район Орехово-Борисово Южное";"2023";"Май";"2591775752";"";"";
"10";"Новокосино";"Калининская линия";"37.86427956";"55.74511606";"Восточный административный округ";"район Новокосино";"2023";"Май";"2591775763";"";"";
"1";"Комсомольская";"Кольцевая линия";"37.65486112";"55.77574627";"Центральный административный округ";"Красносельский район";"2023";"Июнь";"2601994106";"";"";
"2";"Выхино";"Таганско-Краснопресненская линия";"37.81860885";"55.71545536";"Юго-Восточный административный округ";"район Выхино-Жулебино";"2023";"Июнь";"2601994108";"";"";
"3";"Тёплый стан";"Калужско-Рижская линия";"37.50697019";"55.61863853";"Юго-Западный административный округ";"район Ясенево";"2023";"Июнь";"2601994112";"";"";
"4";"Щёлковская";"Арбатско-Покровская линия";"37.79874691";"55.80974166";"Восточный административный округ";"район Северное Измайлово";"2023";"Июнь";"2601994127";"";"";
"5";"Текстильщики";"Таганско-Краснопресненская линия";"37.73242901";"55.70881677";"Юго-Восточный административный округ";"район Текстильщики";"2023";"Июнь";"2601994133";"";"";
"6";"Домодедовская";"Замоскворецкая линия";"37.71878552";"55.61087011";"Южный административный округ";"район Орехово-Борисово Южное";"2023";"Июнь";"2601994137";"";"";
"7";"Новогиреево";"Калининская линия";"37.81742514";"55.723330";"Восточный административный округ";"район Вешняки";"2023";"Июнь";"2601994141";"";"";
"8";"ВДНХ";"Калужско-Рижская линия";"37.64142125";"55.82118628";"Северо-Восточный административный округ";"Останкинский район";"2023";"Июнь";"2601994151";"";"";
"9";"Пушкинская";"Таганско-Краснопресненская линия";"37.60417";"55.76565";"Центральный административный округ";"Тверской район";"2023";"Июнь";"2601994154";"";"";
"10";"Бульвар Дмитрия Донского";"Серпуховско-Тимирязевская линия";"37.57755224";"55.56967951";"Юго-Западный административный округ";"район Северное Бутово";"2023";"Июнь";"2601994155";"";"";
"1";"Комсомольская";"Кольцевая линия";"37.65486112";"55.77574627";"Центральный административный округ";"Красносельский район";"2023";"Июль";"2606843140";"";"";
"2";"Выхино";"Таганско-Краснопресненская линия";"37.81860885";"55.71545536";"Юго-Восточный административный округ";"район Выхино-Жулебино";"2023";"Июль";"2606843755";"";"";
"3";"Тёплый стан";"Калужско-Рижская линия";"37.50697019";"55.61863853";"Юго-Западный административный округ";"район Ясенево";"2023";"Июль";"2606843756";"";"";
"4";"Щёлковская";"Арбатско-Покровская линия";"37.79874691";"55.80974166";"Восточный административный округ";"район Северное Измайлово";"2023";"Июль";"2606843759";"";"";
"5";"Домодедовская";"Замоскворецкая линия";"37.71878552";"55.61087011";"Южный административный округ";"район Орехово-Борисово Южное";"2023";"Июль";"2606843770";"";"";
"6";"Текстильщики";"Таганско-Краснопресненская линия";"37.73242901";"55.70881677";"Юго-Восточный административный округ";"район Текстильщики";"2023";"Июль";"2606843771";"";"";
"7";"Новогиреево";"Калининская линия";"37.81742514";"55.723330";"Восточный административный округ";"район Вешняки";"2023";"Июль";"2606843772";"";"";
"8";"ВДНХ";"Калужско-Рижская линия";"37.64142125";"55.82118628";"Северо-Восточный административный округ";"Останкинский район";"2023";"Июль";"2606843774";"";"";
"9";"Царицыно";"Замоскворецкая линия";"37.66917139";"55.62167819";"Южный административный округ";"район Царицыно";"2023";"Июль";"2606843776";"";"";
"10";"Бульвар Дмитрия Донского";"Серпуховско-Тимирязевская линия";"37.57755224";"55.56967951";"Юго-Западный административный округ";"район Северное Бутово";"2023";"Июль";"2606843777";"";"";
"1";"Комсомольская";"Кольцевая линия";"37.65486112";"55.77574627";"Центральный административный округ";"Красносельский район";"2023";"Август";"2615275987";"";"";
"2";"Выхино";"Таганско-Краснопресненская линия";"37.81860885";"55.71545536";"Юго-Восточный административный округ";"район Выхино-Жулебино";"2023";"Август";"2615276013";"";"";
"3";"Щёлковская";"Арбатско-Покровская линия";"37.79874691";"55.80974166";"Восточный административный округ";"район Северное Измайлово";"2023";"Август";"2615276059";"";"";
"4";"Тёплый стан";"Калужско-Рижская линия";"37.50697019";"55.61863853";"Юго-Западный административный округ";"район Ясенево";"2023";"Август";"2615276089";"";"";
"5";"Текстильщики";"Таганско-Краснопресненская линия";"37.73242901";"55.70881677";"Юго-Восточный административный округ";"район Текстильщики";"2023";"Август";"2615276107";"";"";
"6";"Домодедовская";"Замоскворецкая линия";"37.71878552";"55.61087011";"Южный административный округ";"район Орехово-Борисово Южное";"2023";"Август";"2615276135";"";"";
"7";"Новогиреево";"Калининская линия";"37.81742514";"55.723330";"Восточный административный округ";"район Вешняки";"2023";"Август";"2615276150";"";"";
"8";"ВДНХ";"Калужско-Рижская линия";"37.64142125";"55.82118628";"Северо-Восточный административный округ";"Останкинский район";"2023";"Август";"2615276192";"";"";
"9";"Бульвар Дмитрия Донского";"Серпуховско-Тимирязевская линия";"37.57755224";"55.56967951";"Юго-Западный административный округ";"район Северное Бутово";"2023";"Август";"2615276227";"";"";
"10";"Царицыно";"Замоскворецкая линия";"37.66917139";"55.62167819";"Южный административный округ";"район Царицыно";"2023";"Август";"2615276267";"";"";
"1";"Комсомольская";"Кольцевая линия";"37.65486112";"55.77574627";"Центральный административный округ";"Красносельский район";"2023";"Сентябрь";"2622020102";"";"";
"2";"Выхино";"Таганско-Краснопресненская линия";"37.81860885";"55.71545536";"Юго-Восточный административный округ";"район Выхино-Жулебино";"2023";"Сентябрь";"2622020103";"";"";
"3";"Текстильщики";"Таганско-Краснопресненская линия";"37.73242901";"55.70881677";"Юго-Восточный административный округ";"район Текстильщики";"2023";"Сентябрь";"2622020104";"";"";
"4";"Щёлковская";"Арбатско-Покровская линия";"37.79874691";"55.80974166";"Восточный административный округ";"район Северное Измайлово";"2023";"Сентябрь";"2622020109";"";"";
"5";"Тёплый стан";"Калужско-Рижская линия";"37.50697019";"55.61863853";"Юго-Западный административный округ";"район Ясенево";"2023";"Сентябрь";"2622020110";"";"";
"6";"Новогиреево";"Калининская линия";"37.81742514";"55.723330";"Восточный административный округ";"район Вешняки";"2023";"Сентябрь";"2622020111";"";"";
"7";"Домодедовская";"Замоскворецкая линия";"37.71878552";"55.61087011";"Южный административный округ";"район Орехово-Борисово Южное";"2023";"Сентябрь";"2622020112";"";"";
"8";"Бульвар Дмитрия Донского";"Серпуховско-Тимирязевская линия";"37.57755224";"55.56967951";"Юго-Западный административный округ";"район Северное Бутово";"2023";"Сентябрь";"2622020113";"";"";
"9";"ВДНХ";"Калужско-Рижская линия";"37.64142125";"55.82118628";"Северо-Восточный административный округ";"Останкинский район";"2023";"Сентябрь";"2622020114";"";"";
"10";"Царицыно";"Замоскворецкая линия";"37.66917139";"55.62167819";"Южный административный округ";"район Царицыно";"2023";"Сентябрь";"2622020115";"";"";
